{
 "community_1": [
  0.2567581832408905,
  0.010693226009607315,
  0.1345604002859185,
  0.4294623282710967
 ],
 "community_2": [
  0.2542756199836731,
  0.013456250540912151,
  0.11204431736954967,
  0.6322354265678461
 ],
 "community_4": [
  0.30402085185050964,
  0.006257250905036926,
  0.13116511794138672,
  0.44585349773754773
 ],
 "community_8": [
  0.26613280177116394,
  0.004051730502396822,
  0.134024303073624,
  0.35470617920805275
 ],
 "community_16": [
  0.2709255814552307,
  0.00115010398440063,
  0.13348820586132953,
  0.4076974062419675
 ],
 "community_30": [
  0.2660684287548065,
  0.00038495214539580047,
  0.12687634024303074,
  0.18745105527263106
 ],
 "community_40": [
  0.27894720435142517,
  0.0002725076919887215,
  0.1327734095782702,
  0.24336689834098332
 ],
 "community_50": [
  0.26713910698890686,
  0.00017649498477112502,
  0.13241601143674053,
  0.26533616025736007
 ],
 "community_60": [
  0.273370623588562,
  9.926514030667022e-05,
  0.13884917798427449,
  0.28322938140968645
 ],
 "community_70": [
  0.27197161316871643,
  4.606825314112939e-05,
  0.13527519656897785,
  0.3181145223416286
 ],
 "community_80": [
  0.3393914997577667,
  3.5497858334565535e-05,
  0.13098641887062187,
  0.3439015573342939
 ],
 "community_90": [
  0.2664276659488678,
  2.9089209419908002e-05,
  0.13366690493209435,
  0.17910128900220426
 ],
 "community_100": [
  0.2678822875022888,
  1.7698594092507847e-05,
  0.13116511794138672,
  0.20280604011075903
 ],
 "community_110": [
  0.2863529622554779,
  0.00021640784689225256,
  0.13795568263045033,
  0.3606483477952287
 ],
 "community_120": [
  0.26535850763320923,
  1.1045352948713116e-05,
  0.12491065046461758,
  0.19389731214987455
 ],
 "community_130": [
  0.2727455794811249,
  5.957995199423749e-06,
  0.1322373123659757,
  0.17168915588450923
 ],
 "community_140": [
  0.28013384342193604,
  9.515842248219997e-05,
  0.12473195139385275,
  0.3944007724297355
 ],
 "community_150": [
  0.27138182520866394,
  7.57632587919943e-05,
  0.13045032165832737,
  0.2216357831238713
 ],
 "community_160": [
  0.2649074196815491,
  1.3909821063862182e-05,
  0.12866333095067906,
  0.20221717000567305
 ],
 "community_170": [
  0.26890483498573303,
  6.613789537368575e-06,
  0.139385275196569,
  0.17334432217631832
 ],
 "community_180": [
  0.26799091696739197,
  0.00011570293281693012,
  0.10150107219442459,
  0.12346373262278523
 ],
 "community_190": [
  0.2713161110877991,
  1.526934102002997e-05,
  0.13688348820586133,
  0.17865893072274752
 ],
 "community_200": [
  0.26296722888946533,
  2.6494260509934975e-06,
  0.13134381701215153,
  0.1264512040646548
 ],
 "community_210": [
  0.2769882082939148,
  6.137351010693237e-05,
  0.11222301644031452,
  0.20173972670823745
 ],
 "community_220": [
  0.2644455134868622,
  1.7527496311231516e-05,
  0.12973552537526806,
  0.18539649259568325
 ],
 "community_230": [
  0.2637002468109131,
  6.955996650503948e-05,
  0.12187276626161545,
  0.26806917003088665
 ],
 "community_240": [
  0.2810869812965393,
  9.127901648753323e-06,
  0.12866333095067906,
  0.25048987295547376
 ],
 "community_250": [
  0.2696501314640045,
  3.286472929175943e-05,
  0.13116511794138672,
  0.21924330575895473
 ],
 "community_260": [
  0.2678850591182709,
  4.563660695566796e-06,
  0.1322373123659757,
  0.2555611604130172
 ],
 "community_270": [
  0.26635003089904785,
  4.048409391543828e-05,
  0.13187991422444603,
  0.3044960309070681
 ],
 "community_280": [
  0.26248183846473694,
  4.0272775549965445e-06,
  0.13205861329521087,
  0.17681844589354803
 ],
 "community_290": [
  0.26946860551834106,
  6.0824397223768756e-05,
  0.11526090064331665,
  0.2775564914392812
 ],
 "community_300": [
  0.2777617573738098,
  1.8976457795361057e-05,
  0.13134381701215153,
  0.2882178578583102
 ],
 "community_310": [
  0.2645123302936554,
  3.2995169476635056e-06,
  0.12062187276626161,
  0.21870015021496325
 ],
 "community_320": [
  0.2668893039226532,
  6.4428249970660545e-06,
  0.12955682630450321,
  0.1705592784719261
 ],
 "community_330": [
  0.27556756138801575,
  6.243174539122265e-06,
  0.12705503931379558,
  0.3038171442987727
 ],
 "community_340": [
  0.26957038044929504,
  4.7689140046713874e-05,
  0.1317012151536812,
  0.23024819011456488
 ],
 "community_350": [
  0.27129024267196655,
  6.44596220809035e-05,
  0.11508220157255182,
  0.3190704846647868
 ]
}