{
 "community_1": [
  0.2623808979988098,
  0.011685686185956001,
  0.3504288777698356,
  0.03865737795462933
 ],
 "community_2": [
  0.2799986004829407,
  0.007815955206751823,
  0.34077912794853465,
  0.06740568489864325
 ],
 "community_4": [
  0.28061655163764954,
  0.007515849079936743,
  0.34238741958541813,
  0.0775742616804533
 ],
 "community_8": [
  0.2764337658882141,
  0.0038362157065421343,
  0.33506075768406,
  0.031138503035986295
 ],
 "community_16": [
  0.2833287715911865,
  0.0015211044810712337,
  0.33077197998570407,
  0.021913226806103685
 ],
 "community_32": [
  0.29792657494544983,
  0.0005918731330893934,
  0.34506790564689066,
  0.01873441276669853
 ],
 "community_64": [
  0.28830674290657043,
  0.0001815551659092307,
  0.3359542530378842,
  0.013456039179454829
 ],
 "community_89": [
  0.283479779958725,
  8.47120609250851e-05,
  0.35507505360972125,
  0.011534585347446289
 ],
 "community_114": [
  0.3202138841152191,
  5.103445437271148e-05,
  0.34113652609006434,
  0.013877223212721704
 ],
 "community_139": [
  0.2916492819786072,
  8.779587369645014e-05,
  0.3479270907791279,
  0.011157029599156298
 ],
 "community_164": [
  0.2871100604534149,
  1.4865693628962617e-05,
  0.33506075768406,
  0.011188505945850528
 ],
 "community_189": [
  0.28494492173194885,
  1.6079269698821008e-05,
  0.3534667619728377,
  0.011767546646096277
 ],
 "community_214": [
  0.28875842690467834,
  5.991610305500217e-05,
  0.33791994281629734,
  0.01127231991445897
 ],
 "community_239": [
  0.289406955242157,
  5.515174416359514e-05,
  0.3270192994996426,
  0.011614348982907498
 ],
 "community_264": [
  0.3219168782234192,
  0.00015684710524510592,
  0.3406004288777698,
  0.013401902492276302
 ],
 "community_289": [
  0.28599104285240173,
  2.1359292077249847e-05,
  0.33666904932094355,
  0.010737129081826023
 ],
 "community_314": [
  0.29514080286026,
  4.603067282005213e-05,
  0.3409578270192995,
  0.01050505574496945
 ],
 "community_339": [
  0.27409860491752625,
  2.294438672834076e-06,
  0.32791279485346675,
  0.011182007705067169
 ],
 "community_364": [
  0.29012203216552734,
  1.9183300537406467e-05,
  0.33631165117941386,
  0.010157695520748695
 ],
 "community_389": [
  0.28559786081314087,
  1.2667130249610636e-05,
  0.3386347390993567,
  0.010318651526658368
 ],
 "community_414": [
  0.28361424803733826,
  6.1238174566824455e-06,
  0.34345961401000713,
  0.011160979283564356
 ],
 "community_439": [
  0.292931467294693,
  4.204649667371996e-05,
  0.3236240171551108,
  0.013289198751778582
 ],
 "community_464": [
  0.2877247929573059,
  1.405029706802452e-05,
  0.3391708363116512,
  0.011573561951102606
 ],
 "community_489": [
  0.29346486926078796,
  7.450884731952101e-05,
  0.32719799857040743,
  0.011838127808831414
 ],
 "community_514": [
  0.3082334101200104,
  2.2123035705590155e-06,
  0.3454253037884203,
  0.015130668688519016
 ],
 "community_539": [
  0.2915457487106323,
  6.0971793573116884e-05,
  0.31022158684774837,
  0.011568185580151536
 ],
 "community_564": [
  0.2912491261959076,
  7.886032108217478e-05,
  0.3125446747676912,
  0.01662536208950059
 ],
 "community_589": [
  0.28458574414253235,
  1.3240959333415958e-06,
  0.3354181558255897,
  0.010168057513726321
 ],
 "community_614": [
  0.3007782995700836,
  5.184685142012313e-05,
  0.33238027162258754,
  0.012329021285054753
 ],
 "community_639": [
  0.28388988971710205,
  1.772260588950303e-06,
  0.339349535382416,
  0.01316479570396841
 ],
 "community_664": [
  0.2938486635684967,
  2.0950428734067827e-05,
  0.3302358827734096,
  0.013581250210139286
 ],
 "community_689": [
  0.2876741886138916,
  2.8349186322884634e-05,
  0.3380986418870622,
  0.01131158296744611
 ],
 "community_714": [
  0.29031404852867126,
  5.234489435679279e-06,
  0.3482844889206576,
  0.012138642835232184
 ],
 "community_739": [
  0.28829726576805115,
  6.193321041791933e-06,
  0.3305932809149392,
  0.010413118235575983
 ],
 "community_764": [
  0.29025697708129883,
  2.1895775716984645e-06,
  0.338277340957827,
  0.012993064670397517
 ]
}