{"base": [0.26844167709350586, 0.023961279541254044, 0.32898498927805575, 0.05677922938157399], "targeted": [0.2810176908969879, 3.861021468765102e-05, 0.35060757684060045, 0.009835697865108496], "community": [0.2852376103401184, 0.0016570738516747952, 0.34953538241601145, 0.04106182627561133], "reduction": [0.2725854814052582, 0.011518297716975212, 0.3427448177269478, 0.027891778383750846]}