{
 "base": [
  0.24924780428409576,
  0.023352857679128647,
  0.11954967834167263,
  0.46694451781643226
 ],
 "targeted": [
  0.2659529745578766,
  6.20155842625536e-05,
  0.13688348820586133,
  0.13213844188104337
 ],
 "community10": [
  0.2785992920398712,
  0.002070551970973611,
  0.13313080771979985,
  0.4862332553334706
 ],
 "community100": [
  0.27320972084999084,
  7.764137262711301e-05,
  0.12687634024303074,
  0.2109626786130717
 ],
 "reduction": [
  0.25600019097328186,
  0.010654362849891186,
  0.12187276626161545,
  0.18910130617591653
 ]
}